,w,vowels,unique,usage,avgGreenCommon,avgYellowCommon,avgGreen,avgYellow,entropy,pred_alpha,pred_beta,alpha,beta,avgBoth,steven_entropy
0,manly,1,5,3.66,0.125,1.1500000000000001,0.46343581726593713,0.7434427653291645,0.5210984313749747,-0.1993524752481574,-0.043594657847386996,6.233175862815316,5.042637559384819,1.2068785825951016,5.534967382288168
1,molar,2,5,2.99,0.125,1.7000000000000004,0.40594059405940597,1.088240402987667,0.4710327278118489,-0.2567524913242583,-0.03818617518341211,6.039503945504429,5.450069319524092,1.494180997047073,6.154818109052104
2,havoc,2,5,3.5,0.15,1.075,0.27792252909501475,0.8266458224769846,0.3276606523903237,-0.185518323875573,-0.026143722847008794,6.740693084270569,5.450819550940323,1.1045683515719993,4.735546234944391
3,impel,2,5,2.36,0.275,1.3499999999999996,0.3029355567135661,1.084071565051242,0.3313612019872327,-0.23827126115523345,-0.028496657903239565,6.504111468272847,5.868761654863798,1.3870071217648081,5.03906622337034
4,condo,2,4,3.63,0.175,0.4000000000000001,0.36981066527705403,0.5586242834809797,0.4301006427209657,-0.1359264002681478,-0.034787491213301,5.771164386530622,4.551589327908185,0.9284349487580337,4.205853420374098
5,judge,2,5,4.95,0.6750000000000002,0.8500000000000003,0.27027965954490185,0.7800937988535696,0.33459443888515134,-0.22570118082849847,-0.025424770468716062,4.3680629885181235,2.0552734244134316,1.0503734583984714,4.443614002381008
6,extra,2,5,4.98,0.15,2.6750000000000007,0.16154247003647734,1.4002084418968213,0.22694896082673527,-0.31838575535987806,-0.015196038904823978,5.4321359379336585,4.881847478418355,1.5617509119332986,6.768635472445445
7,poise,3,5,3.04,1.075,0.9500000000000004,0.46291471252388394,1.3616466909848879,0.5215394124752757,-0.3459639265536457,-0.043545638367048854,4.626178297760065,5.696283163214024,1.8245614035087718,5.718951906131994
8,aorta,3,4,2.92,0.5750000000000001,1.475,0.4007295466388744,0.9468473163105784,0.46196337664589543,-0.2786809274262264,-0.03769598038003069,4.707596500506716,4.662610946105119,1.347576862949453,6.786045150705074
9,excel,2,4,3.73,0.225,0.9250000000000005,0.3084940072954664,0.681257599444155,0.3371158813135439,-0.17288419079529574,-0.029019532360179734,6.780361582127265,4.938358968970086,0.9897516067396214,5.035226348371098
10,lunar,2,5,3.77,0.175,1.8499999999999999,0.33958659023797116,1.0878929998262985,0.4188027864665518,-0.2653508258746695,-0.03194436135368882,6.853172614905102,7.531428022763542,1.4274795900642696,6.261641751070899
11,third,1,5,5.32,0.5250000000000001,1.275,0.3307278096230676,0.8994267847837415,0.41028011900142847,-0.2523182903198461,-0.031111030187940418,7.955167073870784,11.303226530957266,1.230154594406809,5.8754105612702245
12,slate,2,5,3.82,1.474999999999999,1.5250000000000001,0.4743790168490533,1.5337849574431128,0.5387993458480594,-0.43917639172151335,-0.044624066934487956,3.248617259767121,4.366309169959743,2.008163974292166,8.3535979731666
13,taper,2,5,3.3,0.37500000000000006,2.4500000000000006,0.5391697064443286,1.1643216953274276,0.5652970539620671,-0.3430179244766373,-0.05071882232319681,3.896770776230488,3.858247289253679,1.7034914017717562,6.405761827559166
14,chord,1,5,3.65,0.25,0.8000000000000003,0.3362862602049679,0.8421052631578947,0.4158318833986896,-0.1909551579215816,-0.03163390464488059,7.475373970558157,9.249414391586154,1.1783915233628626,4.812560040932093
15,probe,2,5,3.99,0.8250000000000001,0.7000000000000003,0.3508771929824561,1.1262810491575472,0.4210815916187001,-0.27329598109720693,-0.033006450094348536,4.44313690057976,4.075656652757011,1.4771582421400034,4.747164718386287
16,rival,2,5,4.18,0.175,1.975,0.27844363383706794,1.0684384227896473,0.348362585093518,-0.26355648789168573,-0.02619274232734694,5.127985757292707,5.206054297906497,1.3468820566267152,6.130620161259781
17,usual,3,4,4.62,0.1,1.8499999999999996,0.16831683168316833,1.231023102310231,0.23215944326094493,-0.25112894504333705,-0.01583329214921981,6.548232115995055,5.785186323386683,1.3993399339933992,6.028940085523667
18,spoke,2,5,4.61,0.8000000000000003,0.7250000000000003,0.37502171269758555,1.2765329164495396,0.4379482095834687,-0.2872924384367251,-0.03527768601668241,6.215286678265431,6.755617948769496,1.651554629147125,5.752784009750371
19,apply,1,4,4.81,0.4,0.7500000000000002,0.27931214174048985,0.7238144867118291,0.3482817376611574,-0.1866983333111214,-0.02627444146124384,6.175956127297824,6.32019352113373,1.003126628452319,5.4839807639838005
20,naive,3,5,3.75,0.9500000000000002,1.5,0.385617509119333,1.099878408893521,0.4310033338331874,-0.33112004050074995,-0.036274415450224605,4.3931342574583985,4.210925316565042,1.485495918012854,6.037693665907009
21,knock,1,4,4.35,0.025,0.24999999999999997,0.1903769324300851,0.6364425916275838,0.2584811126149752,-0.10070190715926107,-0.017908450150201108,7.809287093493764,6.968955493564943,0.8268195240576689,4.1488786398113255
22,braid,2,5,3.24,0.8000000000000003,1.4749999999999999,0.38353309015112036,0.9619593538301199,0.45927176181846635,-0.30399590374531765,-0.03607833752887204,5.771452746801713,7.067400555041716,1.3454924439812403,5.6850352708275045
23,infer,2,5,3.16,0.275,1.7000000000000002,0.3401076949800243,1.1115164147993746,0.370765457057732,-0.2647717389779188,-0.03199338083402696,4.729103862059098,3.7823064983240786,1.451624109779399,4.546438234095277
24,joust,2,5,2.47,0.35000000000000003,1.0250000000000004,0.3324648254299114,1.0069480632273753,0.3902960578043889,-0.2268327970555879,-0.03127442845573422,5.004928572700622,5.084725619017891,1.3394128886572867,5.227128142113127
25,amber,2,5,3.97,0.6000000000000001,1.8249999999999997,0.3689421573736321,1.1639742921660587,0.40405632489690724,-0.315036377388291,-0.034705792079404094,4.489219540437271,4.016031543261082,1.532916449539691,5.8754105612702245
26,woken,2,5,3.37,0.275,0.8250000000000004,0.46204620462046203,0.8077123501823866,0.4835246292128644,-0.1988837537181555,-0.04346393923315195,6.0230171178317455,3.7746852431205657,1.2697585548028487,4.3625056412329
27,adore,3,5,3.7,1.2749999999999997,1.5250000000000001,0.30015633142261594,1.4999131492096578,0.3671111827638233,-0.39707156336875715,-0.028235220674769478,3.806664759388743,5.011976684362089,1.8000694806322737,6.268709075580088
28,torso,2,4,3.41,0.3500000000000001,1.225,0.3767587285044294,1.0898037172138266,0.4374239814327702,-0.2505395802656325,-0.035441084284476204,6.060928417230803,6.621202452930919,1.466562445718256,6.405053756359241
29,chafe,2,5,2.4,1.025,0.9750000000000004,0.34931387875629666,0.9874934861907243,0.4167418337466815,-0.2976036007824905,-0.03285939165333412,4.612643390114483,4.682997552069031,1.336807364947021,5.931915631128802
30,eject,2,4,2.99,0.175,1.2499999999999996,0.19107173875282266,0.789821087371895,0.2528235702060228,-0.1872604074466094,-0.01797380945731863,7.5424518197619195,5.530327664621732,0.9808928261247177,5.143258703278381
31,study,1,5,5.26,0.4000000000000001,1.1500000000000001,0.3546986277575126,0.9956574604828904,0.41690752004283416,-0.24105997175734453,-0.033365926283494905,4.63703895614317,4.709868917102535,1.350356088240403,5.215287382006091
32,undue,3,4,3.29,0.6000000000000001,0.9750000000000003,0.20323084940072955,0.9369463262115685,0.26709899009870763,-0.2320175379781911,-0.019117597331875257,5.835116368649526,4.872838696972884,1.140177175612298,4.618888352940763
33,tepid,2,5,2.71,0.22499999999999998,1.9249999999999998,0.33350703491401773,1.1120375195414278,0.40665368943866725,-0.275958086645717,-0.031372467416410504,6.188756098737914,7.798840895260703,1.4455445544554455,5.38711436951802
34,happy,1,4,5.35,0.15,0.8750000000000003,0.3819697759249609,0.4870592322390134,0.4354926984820914,-0.1544888328544174,-0.03593127908785762,5.978868467639996,6.246226849749311,0.8690290081639742,4.61294837774533
35,clean,2,5,4.97,0.35000000000000003,1.8499999999999999,0.3020670488101442,1.2945978808407157,0.38236191874448083,-0.2991020280789487,-0.028414958769342663,4.753885984476046,6.577153301400799,1.59666492965086,6.19709348748661
36,itchy,1,5,3.34,0.17500000000000002,0.9000000000000005,0.19419836720514155,0.8203925655723467,0.2495702617327228,-0.16967589534028119,-0.018267926339347478,6.137905078929559,6.70220628469763,1.0145909327774882,4.729993556852527
37,feast,2,5,3.95,0.8000000000000002,2.025,0.3821434775056453,1.4479763765850269,0.45364614490208166,-0.37865464863866183,-0.035947618914637,2.8460718258681434,3.238172339021875,1.8301198540906722,7.5184088429122715
38,drive,2,5,5.13,1.1500000000000001,1.05,0.336807364947021,1.0545422963348967,0.4038150007129435,-0.3200733924188128,-0.03168292412521873,4.173423973440629,4.916323769006492,1.3913496612819176,4.757521187934969
39,prime,2,5,4.81,1.125,0.8250000000000004,0.3718950842452666,1.071391349661282,0.4452385040704375,-0.31026411963363976,-0.03498356913465356,4.118037463718367,4.31372930727977,1.4432864339065485,4.686540205810289
40,axiom,3,5,3.02,0.7500000000000001,0.9000000000000002,0.20566267153031093,0.981935035608824,0.2676766086745215,-0.24799487600688194,-0.01934635490678658,4.832822677737702,4.05920023768884,1.187597707139135,4.923018708133908
41,brave,2,5,4.33,1.2249999999999996,1.1500000000000001,0.37328469689074173,1.0684384227896473,0.43727197589777006,-0.3385313584984354,-0.035114287748888605,3.7767372250202556,2.9482287618654412,1.441723119680389,6.270642551465936
42,avert,2,5,3.14,0.7000000000000002,2.125,0.2414451971512941,1.3513982977245094,0.31202939726397033,-0.3504520680353991,-0.02271235922333893,5.007815463119285,4.996634222008983,1.5928434948758035,7.264849880124453
43,glyph,0,5,2.7,0.125,0.125,0.19020323084940072,0.6644085461177697,0.2617275330747325,-0.10717553430582866,-0.01789211032342173,9.947750054544617,9.83805761376943,0.8546117769671704,4.456394224258959
44,there,2,4,6.31,0.8000000000000003,1.1,0.33854438075386484,0.9326037866944589,0.4164302738044514,-0.27554347992022366,-0.031846322393012536,5.09165777173261,6.527551180409518,1.2711481674483238,6.0755005549275864
45,baker,2,5,4.23,0.325,2.05,0.5351745700885878,0.9548375890220601,0.5569661931924546,-0.2950428991892998,-0.05034300630727107,3.180584017477254,2.1258680481058794,1.4900121591106479,5.456944486184474
46,snarl,1,5,2.62,0.8250000000000003,1.4,0.34896647559492794,1.4161889873197846,0.41467231751085987,-0.3387788153653446,-0.03282671199977536,4.136535022284934,3.461375505383425,1.7651554629147126,7.435096087187794
47,maple,2,5,3.86,0.65,1.4499999999999997,0.4094146256730936,1.108910891089109,0.4673505498428126,-0.3004802537012505,-0.03851297171899971,5.063108433594084,5.088345463442802,1.5183255167622027,6.805535055256974
48,inane,3,4,2.7,1.05,1.4000000000000001,0.3175264894910544,1.1127323258641653,0.38163898765900583,-0.3322933491354762,-0.029869203352707513,3.7621667153279463,3.535691064007164,1.4302588153552196,6.202619885122316
49,valet,2,5,3.17,0.45000000000000007,2.0500000000000003,0.5237102657634184,1.0128539169706445,0.5474050907677778,-0.3127549455262509,-0.04926457773983196,5.942365117629434,5.437103760025022,1.5365641827340628,6.733544807977084
50,medal,2,5,4.39,0.22499999999999998,2.175,0.29129755080771236,1.266284523189161,0.3641960576245987,-0.29981562727872535,-0.027401889509021084,5.904357624252647,5.762241285237069,1.5575820739968735,6.2230664100243755
51,unite,3,5,3.9,1.0250000000000001,1.2000000000000004,0.312836546812576,1.174048983845753,0.3786691662369724,-0.3233906084208231,-0.029428028029664245,4.649659388503413,5.422250752067084,1.486885530658329,5.637687967238673
52,rainy,2,5,3.74,0.55,1.5000000000000002,0.4802848705923224,0.9129755080771235,0.5358060591567524,-0.28189995680286695,-0.045179621044986885,5.11169753548171,7.131544231155491,1.3932603786694457,5.51343995853782
53,spell,1,4,4.37,0.35000000000000003,1.225,0.312836546812576,1.1780441202014937,0.3803595663863455,-0.25266839306231836,-0.029428028029664245,5.688669924328491,5.311208673554208,1.4908806670140697,5.943692798905156
54,begin,2,5,4.84,0.19999999999999998,1.2999999999999996,0.2984193156157721,0.9661281917665451,0.36910809776431314,-0.2205609871386521,-0.02807182240697568,5.4135920786284135,5.366203368825504,1.2645475073823171,4.636233113656299
55,stale,2,5,3.43,1.3499999999999996,1.6500000000000001,0.4187945110300504,1.5893694632621156,0.47974096606562455,-0.431844781885215,-0.03939532236508625,3.254443287978512,4.254341960124186,2.0081639742921658,8.331902902067283
56,dream,2,5,4.91,0.5,2.2249999999999996,0.2744484974813271,1.3394128886572867,0.3488721412603071,-0.3373115086408359,-0.02581692631142119,3.4613110581518263,4.4968085615673825,1.6138613861386137,5.884757978719002
57,photo,2,4,4.97,0.27499999999999997,0.35000000000000003,0.30189334722945976,0.6133402813965607,0.3787248722278468,-0.14352466590984087,-0.02839861894256328,8.36743927751315,9.659315997559592,0.9152336286260205,4.596890035378764
58,aloud,3,5,3.51,0.5000000000000001,1.3749999999999996,0.2996352266805628,1.1106479068959527,0.37719924653053866,-0.27099966878025206,-0.02818620119443134,3.872422227501484,5.053002546704053,1.4102831335765156,5.594668173483565
59,inept,2,5,3.13,0.225,1.6999999999999997,0.20757338891783916,1.2560361299287823,0.27873240051176884,-0.2630198864050068,-0.019526093001359764,6.521012503876665,7.051496176534659,1.4636095188466216,5.517260657383391
60,piney,2,5,2.48,0.25,1.2249999999999992,0.5839847142608998,0.7582073996873372,0.6171950447860443,-0.22823454066362173,-0.054934497632276945,7.338531690651863,5.632723836770326,1.342192113948237,4.409839994834512
61,aptly,1,5,3.12,0.4,1.2000000000000002,0.2985930171964565,0.9798506166406115,0.3697788946761767,-0.23768546381915467,-0.028088162233755057,7.1456961564368076,7.040616333139691,1.278443633837068,6.099929524806038
62,waltz,1,5,3.38,0.3,1.3,0.3482716692721904,0.7215563661629321,0.39701866550339887,-0.2121393455736234,-0.032761352692657834,6.074319592780286,4.08122164192426,1.0698280354351224,5.765905679689873
63,libel,2,4,3.34,0.275,1.2999999999999992,0.4346013548723293,0.7642869550112906,0.4691559168102577,-0.22065757578602874,-0.040882246602009856,5.726857352733932,4.340048131100993,1.1988883098836198,5.072405547314485
64,sneak,2,5,3.99,0.4,2.0500000000000003,0.3076254993920445,1.476463435817266,0.37566697958594225,-0.33162272245828894,-0.028937833226282836,5.380084910791525,5.595689858105387,1.7840889352093103,6.802734611076019
65,carry,1,4,4.89,0.325,1.2249999999999999,0.4898384575299635,0.5711307972902553,0.5458778365464072,-0.21217760310610886,-0.046078311517852806,4.988650408285577,4.38641637869804,1.0609692548202188,5.380139760619094
66,flout,2,5,2.25,0.22499999999999998,0.8250000000000003,0.29112384922702794,0.8789299982629842,0.36940043955593627,-0.18827309159678146,-0.0273855496822417,5.681092771606386,5.852262702047375,1.1700538474900122,5.103084211571401
67,foggy,1,4,3.19,0.025,0.125,0.3837067917318048,0.3182212958137919,0.43716959919102316,-0.0831140972018327,-0.036094677355651424,6.3950849502335725,4.76080331090722,0.7019280875455967,3.9097753595290845
68,fault,2,5,4.64,0.25,1.65,0.39708181344450233,0.8481848184818482,0.46168647948979974,-0.24477039118874921,-0.03735284401766371,5.127985757292707,5.206054297906497,1.2452666319263506,5.864175703091689
69,mummy,1,3,3.57,0.075,0.275,0.3289907938162237,0.16050026055237102,0.3995556169820747,-0.07902344291926418,-0.03094763192014661,5.719708846553031,2.3400755170901233,0.48949105436859475,3.877127909536312
70,spiel,2,5,2.66,0.8,1.2749999999999997,0.4834114990446413,1.2840020844189681,0.5133746137071479,-0.32710094896715036,-0.045473737927015735,5.777526457937299,6.388785072737636,1.7674135834636093,6.5100099594666005
71,grove,2,5,3.94,0.8500000000000002,0.7000000000000003,0.3256904637832204,1.0345666145561925,0.39317471676617677,-0.2648767445931002,-0.030637175211338387,4.591564769368604,3.5831866254725804,1.360257078339413,4.747164718386287
72,denim,2,5,3.52,0.25,1.5749999999999995,0.3025881535521973,1.071391349661282,0.37142774332601936,-0.2513863907387504,-0.028463978249680805,6.6962971431768565,7.060634706343564,1.3739795032134792,4.707339293176571
73,quirk,2,5,3.13,0.5500000000000002,0.7500000000000002,0.2678478374153205,0.6423484453708529,0.3320443246799412,-0.19385308981839927,-0.02519601289380474,6.201484427444508,5.707493723981993,0.9101962827861734,4.768863188496883
74,exist,2,5,4.73,0.6250000000000001,1.7249999999999996,0.22494354698627758,1.40055584505819,0.29000014284793163,-0.32169245334386365,-0.021160075679297796,5.757416153939703,5.5224046899502,1.6254993920444676,6.109702750344084
75,stein,2,5,3.65,0.5750000000000001,1.8499999999999996,0.3005037345839847,1.5240576689247871,0.3684284297375771,-0.3425839177446569,-0.02826790032832824,4.764150442594651,5.8749384875822805,1.8245614035087718,6.365946365594246
76,spade,2,5,3.33,1.1999999999999995,1.4750000000000003,0.39169706444328645,1.4366857738405419,0.4511622845277427,-0.3890157864579427,-0.03684630938750292,5.2027486621828185,5.6943578350174615,1.8283828382838283,7.258440740126262
77,catch,1,4,4.87,0.175,1.375,0.3564356435643564,0.6355740837241619,0.4172042390919609,-0.19727866702552074,-0.03352932455128871,1.8493107070487884,1.1433739643724938,0.9920097272885183,5.258440740126262
78,floor,2,4,4.94,0.125,0.6750000000000002,0.3170053847490012,0.7203404550981414,0.3975715702043032,-0.1575150436076956,-0.02982018387236937,8.149754514483673,7.893717756650164,1.0373458398471427,5.760008788747201
79,equal,3,5,4.65,0.1,2.2499999999999996,0.17248566961959355,1.231891610213653,0.23555995182052478,-0.27441956556534464,-0.01622544799192494,5.2419538555764,4.815089160361842,1.4043772798332466,5.917706771588683
80,ionic,3,4,3.21,0.175,0.6000000000000002,0.2999826298419316,0.699843668577384,0.34827474150126614,-0.15173526912866345,-0.0282188808479901,3.9806236131310846,2.466900850033915,0.9998262984193156,4.142373342685459
81,valid,2,5,4.38,0.22499999999999998,1.7249999999999996,0.37206878582595104,0.8481848184818482,0.43070198427973644,-0.24320440400412124,-0.03499990896143294,6.020367796433905,6.029344889776053,1.2202536043077994,5.477267072773874
82,enjoy,2,5,5.09,0.0,1.0999999999999999,0.21400034740316137,1.0338718082334548,0.2688446407856444,-0.18346681341175541,-0.020130666592196835,5.55821337322251,3.8421951241796473,1.2478721556366161,4.407356259522032
83,howdy,1,5,3.08,0.07500000000000001,0.4,0.3701580684384228,0.550634010769498,0.42189985213444486,-0.12360176595255117,-0.034820170866859755,5.776886211228777,4.127101648175208,0.9207920792079208,4.016584332742048
84,vigor,2,5,3.03,0.025,1.125,0.2751433038040646,0.8389786347055758,0.3419042183089854,-0.17748103137741122,-0.02588228561853871,6.157130729938583,4.728891217382159,1.1141219385096404,4.765224037796309
85,dandy,1,4,3.25,0.125,1.2249999999999992,0.4401598054542296,0.5499392044467605,0.4968626168920533,-0.18373131165297063,-0.04140512105895003,4.205106873931095,2.445445981339356,0.9900990099009901,4.845563143998585
86,sloth,1,5,3.1,0.55,0.7500000000000002,0.383359388570436,1.1683168316831682,0.4533233141822467,-0.2536194434667711,-0.03606199770209266,5.868925852947372,7.4818000527831945,1.5516762202536043,5.750533666070135
87,marxh,1,5,0.0,0.1,1.4749999999999999,0.33003300330033003,0.7215563661629321,0.37634578714998684,-0.19849784253140004,-0.031045670880822895,5.131587941366031,5.656337996619816,1.051589369463262,5.238120755746665
88,bough,2,5,2.73,0.05,0.45000000000000007,0.35157199930519367,0.553760639221817,0.41268684834685665,-0.12310970123935489,-0.03307180940146606,5.432976266793625,4.346185756561816,0.9053326385270106,3.9097753595290845
89,sting,1,5,3.8,0.7500000000000001,0.8000000000000003,0.31422615945805105,1.1056105610561056,0.37328731965840284,-0.2641975231012357,-0.029558746643899285,4.50952103148453,5.068674522881652,1.4198367205141567,5.653158255025509
90,twine,2,5,2.93,0.9500000000000002,0.9750000000000004,0.3394128886572868,1.046030918881362,0.40869067563349964,-0.29398072972516875,-0.03192802152690944,6.490570389822581,6.859131560417229,1.3854438075386488,5.750983454083408
91,leave,3,4,5.34,1.0500000000000003,1.0,0.3807538648601702,0.8804933124891436,0.43987174898209075,-0.29444326772395435,-0.03581690030040195,5.729055103378488,4.601741703854921,1.261247177349314,6.606829203970036
92,scorn,1,5,3.13,0.4500000000000002,0.8250000000000003,0.3131839499739448,1.2687163453187424,0.3776374189241271,-0.24846326217126224,-0.029460707683223005,5.438545888535683,5.99110565499702,1.5819002952926873,5.735323717007512
93,scald,1,5,2.17,0.7000000000000002,1.3249999999999997,0.383359388570436,1.199409414625673,0.4455016382988988,-0.30464401416531073,-0.03606199770209266,5.3332355399246705,4.836123475232262,1.5827688031961091,6.277106249737265
94,usurp,2,4,2.7,0.175,1.1249999999999998,0.14399861038735454,1.069654333854438,0.20313980298904782,-0.2002603545142639,-0.013545716400106565,6.0643661102888675,5.366614674326985,1.2136529442417925,5.258440740126262
95,soggy,1,4,3.14,0.275,0.37500000000000006,0.4542296334896648,0.6770887615077297,0.4989968832557988,-0.1629688576187796,-0.04272864702807984,6.327502282396368,5.252486136884045,1.1313183949973944,4.731324251834699
96,brisk,1,5,3.2,0.8000000000000003,0.7000000000000003,0.31335765155462914,1.0495049504950495,0.3884556457224234,-0.2603573138306994,-0.029477047510002383,5.790670132929333,5.475805159996642,1.3628626020496788,5.4412529474659745
97,admit,2,5,4.58,0.7750000000000002,1.4999999999999998,0.207052284175786,1.1042209484106305,0.2783175382153542,-0.29708928126022105,-0.019477073521021623,4.575296539024852,4.7209047427484645,1.3112732325864165,5.837181623797114
98,grate,2,5,3.17,1.4249999999999996,1.4249999999999998,0.4137571651902032,1.241792600312663,0.4856737775634632,-0.3963457111947877,-0.03892146738848422,3.2318391038757714,3.665310078421572,1.6555497655028661,7.137072558862149
99,glory,1,5,4.36,0.30000000000000004,0.5250000000000001,0.3644259162758381,0.8473163105784263,0.43897397073966476,-0.18344983096978362,-0.034280956583140204,6.361323336654615,6.864969864897913,1.2117422268542644,5.900140255573937
100,saint,2,5,4.41,0.8250000000000003,1.6749999999999998,0.5065138092756644,1.2032308494007296,0.5601023536568925,-0.35014793589664317,-0.04764693488867331,4.242326290252866,5.38890852098536,1.709744658676394,7.025127032412467
101,recap,2,5,3.45,0.22499999999999998,2.2249999999999996,0.2678478374153205,1.327774882751433,0.3360194336613131,-0.30533963534256314,-0.02519601289380474,5.434493139088592,5.56670590063897,1.5956227201667534,6.0437427105798145
102,alike,3,5,4.13,1.325,1.2250000000000003,0.3491401771756123,1.2369289560535002,0.4247919986388805,-0.36749519813895837,-0.03284305182655474,4.840837346987799,4.231984760349054,1.5860691332291124,6.295360203670087
103,trice,2,5,2.4,1.1749999999999998,1.25,0.3739795032134792,1.199756817787042,0.4479548670602532,-0.35178617425732767,-0.035179647056006125,2.734535837643041,2.1227342355002166,1.573736321000521,5.7071210832327415
104,stick,1,5,4.76,0.7000000000000001,0.8250000000000002,0.2978982108737189,1.0517630710439465,0.3608567291591169,-0.2541224213846388,-0.028022802926637533,5.740909449207287,7.031791008545755,1.3496612819176654,5.402931625492336
105,chute,2,5,3.19,0.8000000000000003,0.9750000000000003,0.3588674656939378,0.9371200277922529,0.4354862678938352,-0.27074920462472657,-0.03375808212620003,6.173428246780869,7.849431804229157,1.2959874934861908,5.243806883259758
106,parer,2,4,1.55,0.325,2.05,0.594059405940594,0.834114990446413,0.6211562065956726,-0.2907142701193191,-0.055882207585481,2.953820915896458,0.7832886872831987,1.428174396387007,5.546633443491541
107,doubt,2,5,4.9,0.175,1.0,0.34636095188466215,0.7800937988535696,0.4063710640363459,-0.1877590653557422,-0.03258161459808465,4.860149164129411,5.900414607630531,1.1264547507382316,4.710179029960124
108,thyme,1,5,3.07,0.5750000000000001,0.8750000000000002,0.2602049678652076,0.9795032134792426,0.32881558336418004,-0.23374057113766855,-0.024477060515512003,6.691578299982032,6.737879580490132,1.2397081813444502,5.306887334148556
109,alpha,2,4,4.25,0.4750000000000001,0.7250000000000002,0.18690290081639743,0.8037172138266458,0.25771992918652753,-0.19130511411529524,-0.017581653614613505,7.014951339239947,6.181895166988136,0.9906201146430433,5.376665059900682
110,booze,3,4,3.65,0.5750000000000001,0.4500000000000002,0.42782699322563833,0.5751259336459962,0.4768353781455017,-0.18811153558184046,-0.04024499335761402,7.250866323269603,4.394807491651666,1.0029529268716346,4.472994069078359
111,tibia,3,4,2.9,0.175,1.75,0.28469689074170573,0.7992009727288518,0.3542938324339658,-0.22704008936695905,-0.02678097609140463,7.294268440422534,5.730309495592851,1.0838978634705576,5.548978018830236
112,lofty,1,5,3.34,0.225,0.5250000000000001,0.41358346360951886,0.7212089630015633,0.4652219043063522,-0.16668890880433013,-0.03890512756170484,5.099176150779434,4.248007829338119,1.1347924266110823,5.077191543643417
113,theme,2,4,4.62,0.6500000000000001,0.8000000000000003,0.31735278791036997,0.7684557929477158,0.3934372653389152,-0.2251059361163776,-0.02985286352592813,6.329805956487775,7.0201286153372715,1.0858085808580857,5.4203544021191785
114,class,1,4,5.36,0.8250000000000004,0.9000000000000001,0.5951016154247004,0.7825256209831509,0.5960171568603907,-0.27160266041358283,-0.05598024654615729,3.8673177457530366,3.1536702057700774,1.3776272364078515,6.048710863707603
115,leery,2,4,2.58,0.325,1.2499999999999998,0.4000347403161369,0.883793642522147,0.4694677587877744,-0.2339833949676964,-0.03763062107291317,5.9381989300958065,4.875786730855488,1.283828382838284,5.944721458514431
116,taunt,2,4,2.96,0.32500000000000007,1.4749999999999996,0.4108042383185687,0.6847316310578426,0.47514147381120864,-0.22948750351527858,-0.038643690333234754,2.977980076449556,2.1271366081075276,1.0955358693764112,5.550934746433719
117,whoop,2,4,3.2,0.025,0.15000000000000002,0.23206531179433734,0.4955706096925482,0.30572695069347755,-0.08711258774230123,-0.02183000857725239,10.354687908327977,9.075223116615707,0.7276359214868855,3.9547895152280432
118,inter,2,5,4.16,0.275,2.1499999999999995,0.37363210005211045,1.255862428348098,0.4104823773499815,-0.3075538984575706,-0.03514696740244736,5.294101390059649,5.157691734536144,1.6294945284002083,5.719391953425596
119,gully,1,4,3.11,0.15,0.3500000000000001,0.3875282265068612,0.34896647559492794,0.46077563459061716,-0.11461461507884488,-0.036454153544797786,5.35758858199249,3.1947823258148045,0.7364947021017891,4.558985192185617
120,charm,1,5,4.12,0.7000000000000002,0.9500000000000004,0.29581379190550633,0.8990793816223728,0.36594437538501945,-0.24802931770221975,-0.02782672500528497,4.867779989613057,5.910232524824555,1.1948931735278792,5.478756306496708
121,fungi,2,5,3.48,0.075,0.8250000000000003,0.2575994441549418,0.6466909848879625,0.3254206802963825,-0.1467080229402263,-0.0242319631138213,7.322873289119972,6.300388327417105,0.9042904290429044,4.1040894239035355
122,prize,2,5,4.59,1.125,0.7750000000000004,0.34636095188466215,0.9739447628973423,0.41130026269231984,-0.29516285335904063,-0.03258161459808465,4.364317002645818,2.745558452083266,1.3203057147820045,4.686540205810289
123,onset,2,5,3.72,0.35000000000000003,1.6999999999999997,0.36685773840541946,1.5138092756644086,0.4058405784561452,-0.3126750900085675,-0.03450971415805153,6.88644854381112,7.147173479381678,1.880667014069828,6.321176495474224
124,chief,2,5,5.11,0.6250000000000001,0.9000000000000004,0.4340802501302762,0.7714087198193503,0.46801596528147205,-0.23600543297157087,-0.04083322712167172,6.25457789528819,7.022092733865231,1.2054889699496265,4.268870099637501
125,gauze,3,5,2.89,0.675,1.525,0.37484801111690114,0.8862254646517284,0.42489761589825586,-0.28306299492915576,-0.03526134618990302,4.836563686519626,2.9286991351491287,1.2610734757686295,5.804134153666832
126,ruder,2,4,2.13,0.45,1.5499999999999998,0.45318742400555845,0.7955532395344798,0.49494204705984063,-0.2592405475324513,-0.042630608067403555,5.328717855528306,4.013997385194598,1.2487406635400382,4.392016736024673
127,irony,2,5,3.86,0.4000000000000001,0.8000000000000003,0.35869376411325343,0.9593538301198541,0.4249555492660975,-0.2186026951893553,-0.03374174229942065,5.004928572700622,5.084725619017891,1.3180475942331076,4.832651965316599
128,clown,1,5,3.93,0.225,0.22499999999999998,0.27045336112558627,0.8160500260552371,0.34188566533241255,-0.1455018818380176,-0.025441110295495444,5.341671486114943,5.860756455618982,1.0865033871808234,4.81068336419151
129,needy,2,4,3.58,0.15,1.1249999999999996,0.35747785304846275,0.7474379016849053,0.4215626916772617,-0.19082000475236727,-0.03362736351196499,7.148244496167911,6.425667343750019,1.1049157547333681,4.884264496572617
130,woven,2,5,3.56,0.275,0.8250000000000004,0.46743095362167797,0.7540385617509119,0.490691148035354,-0.1947786354121206,-0.043970473863312744,5.776886211228777,4.127101648175208,1.2214695153725899,4.3625056412329
131,merit,2,5,4.08,0.275,2.125,0.36077818308146603,1.1919402466562445,0.4356569402824397,-0.302933566772564,-0.03393782022077322,6.021909184719888,6.797356603891681,1.5527184297377106,5.872471283429985
132,waste,2,5,4.81,0.8250000000000003,2.0,0.4252214695153726,1.395171096056974,0.4833606273357503,-0.3781911961469843,-0.03999989595592332,3.363820685324035,2.743818214537694,1.8203925655723467,8.119542634304572
133,treat,2,4,4.75,0.575,2.25,0.3348966475594928,1.2027097446586763,0.41624070294807525,-0.34137230592497547,-0.03150318603064555,3.457434530422847,4.82270940573403,1.537606392218169,6.6803156694586585
134,shrug,1,5,3.3,0.25,1.125,0.2926871634531874,1.0144172311968038,0.35391164446230267,-0.21874199954246418,-0.027532608123256124,5.702776478178277,5.21277948761524,1.3071043946499912,5.59709219260475
135,twang,1,5,2.56,0.5250000000000001,1.0000000000000004,0.2621156852527358,0.8499218342886921,0.32494932241211877,-0.22343158628218066,-0.024656798610085188,7.797529456801209,7.381990419824876,1.1120375195414278,5.933956940335142
136,twice,2,5,4.84,0.9000000000000002,1.0250000000000001,0.30884141045683516,1.020844189682126,0.37706321860789976,-0.2859586029429702,-0.029052212013738497,5.946067677783881,6.303204245586717,1.3296856001389612,5.368014745935476
137,gruel,2,5,2.44,0.55,1.3499999999999996,0.4304325169359041,1.0066006600660067,0.47485400546500756,-0.27554278752489125,-0.04049009075930473,6.9155824238206804,6.04778854010571,1.437033177001911,5.305565276744799
138,poker,2,5,3.97,0.25,1.275,0.5238839673441028,0.9326037866944589,0.5471369760499822,-0.23965894402496496,-0.04928091756661135,4.337721091257292,3.2930433182886536,1.4564877540385617,4.3268649675767445
139,khaki,2,4,3.04,0.4250000000000001,1.0999999999999999,0.2179954837589022,0.7113079729025534,0.27946287481604615,-0.20124926302239826,-0.020506482608122583,5.16166112867115,3.9402324026782143,0.9293034566614556,5.244440060816943
140,hunky,1,5,2.72,0.125,0.30000000000000004,0.3632100052110474,0.4479763765850269,0.43519766544907335,-0.11537612454637111,-0.03416657779568454,4.669397504541476,3.0274060204711435,0.8111863817960743,4.047881649177127
141,label,2,4,4.43,0.35000000000000003,1.7000000000000002,0.47924266110821606,0.8509640437727983,0.5024583721165155,-0.26280679873316365,-0.0450815820843106,5.086682623156378,4.098409521177551,1.3302067048810144,6.062601737831129
142,glean,2,5,2.73,0.3,1.8499999999999999,0.2741010943199583,1.273058884835852,0.3549959525700872,-0.2889851925410074,-0.02578424665786243,5.491702757548641,5.240334606831004,1.5471599791558104,6.19709348748661
143,cling,1,5,3.49,0.5500000000000002,0.3,0.3062358867465694,0.7543859649122807,0.37749692978792865,-0.18286208317092267,-0.02880711461204779,5.188555644393318,4.4059092774021105,1.0606218516588501,4.835749668303982
144,patty,1,4,3.58,0.27499999999999997,1.1500000000000001,0.4703838804933125,0.532569046378322,0.5273126309439584,-0.19713757658584338,-0.04424825091856221,6.785597378658638,5.530855410054948,1.0029529268716346,5.273870780695868
145,unfit,2,5,3.52,0.19999999999999998,1.1249999999999996,0.16918533958659024,0.8924787215563662,0.2357717114068481,-0.19031720860706466,-0.01591499128311671,6.224909095657391,5.785579815915621,1.0616640611429564,4.877618956185331
146,smear,2,5,3.46,0.4,2.5250000000000004,0.33559145388223033,1.5999652596838632,0.40159735366873933,-0.3725491933188465,-0.03156854533776307,6.785597378658638,5.530855410054948,1.9355567135660934,7.437990160456974
147,alien,3,5,4.29,1.0499999999999998,1.5750000000000002,0.4521452145214521,1.253604307799201,0.49551995106684477,-0.36660925627578295,-0.04253256910672727,3.613460093752788,4.786297176702217,1.7057495223206531,6.791586879827269
148,buggy,1,4,3.32,0.075,0.25,0.3380232760118117,0.24717734931387875,0.40532898316822985,-0.08599346892211976,-0.031797302912674394,6.1685155813701975,3.883899041491845,0.5852006253256905,3.877127909536312
149,rhyme,1,5,3.56,0.6,0.9000000000000004,0.2414451971512941,1.0547159979155811,0.30988233025573086,-0.24270702161381488,-0.02271235922333893,6.242196102341733,5.774517573837529,1.2961611950668752,4.7373276150637755
150,youth,2,5,4.75,0.225,0.7000000000000003,0.33177001910717385,0.7606392218169186,0.3852341385970337,-0.17208447852378486,-0.031209069148616698,4.6996450946143815,3.8275812267991327,1.0924092409240924,4.536517417399283
151,coyly,1,4,2.08,0.125,0.24999999999999997,0.42539517109605696,0.504081987146083,0.4759565086932335,-0.12173187789647338,-0.0400162357827027,5.692895991327924,2.431874826129615,0.92947715824214,4.587621292341327
152,quart,2,5,3.01,0.7500000000000001,1.4749999999999999,0.32100052110474203,0.8923050199756818,0.38619391819785104,-0.28487975988550457,-0.030195999888295116,4.919081122852092,4.212063594211854,1.2133055410804239,6.169774650231621
153,cramp,1,5,3.04,0.7750000000000002,0.8250000000000003,0.30918881361820394,0.9101962827861734,0.3777122036015114,-0.2511621788470896,-0.029084891667297257,4.069772990700351,4.0943474201916725,1.2193850964043773,5.482486130293124
154,bluff,1,4,3.58,0.125,0.3500000000000001,0.2169532742747959,0.4693416710092062,0.283582384410712,-0.10469054279183396,-0.020408443647446303,8.314627914757946,6.842797396702453,0.6862949452840021,4.456394224258959
155,upset,2,5,4.61,0.35000000000000003,1.7999999999999996,0.35157199930519367,1.328295987493486,0.3860402987494103,-0.2996555271779911,-0.03307180940146606,6.185274816465968,6.508214893582877,1.6798679867986799,5.7145587996896525
156,stomp,1,5,3.25,0.4000000000000001,0.7250000000000002,0.2794858433211742,1.1676220253604308,0.3398132503931624,-0.22439468588351633,-0.02629078128802322,4.196108174425078,4.0280872244306725,1.447107868681605,5.188234135943661
157,motto,2,3,3.72,0.27499999999999997,0.3500000000000001,0.3623414973076255,0.3920444676046552,0.42377550792126545,-0.12818110890391238,-0.03408487866178764,7.932919235085462,5.786207876783491,0.7543859649122807,4.5682693574389965
158,cinch,1,4,2.65,0.1,0.6000000000000001,0.33437554281743964,0.47420531526836895,0.4062504463141682,-0.12924316218705192,-0.03145416655030741,3.3638957942419556,2.0414580926129005,0.8085808580858086,4.1079732455924365
159,elope,3,4,2.5,0.6500000000000001,0.5500000000000002,0.3064095883272538,0.9902727114816745,0.3778180318707696,-0.2292083652625115,-0.02882345443882717,4.707584196470696,4.0250153826377,1.2966822998089282,5.418566897193582
160,power,2,5,5.52,0.25,1.275,0.5252735799895779,0.9154073302067048,0.5490313464054039,-0.2383027277311604,-0.049411636180846395,3.5288407356130076,2.956846670456024,1.4406809101962827,4.3268649675767445
161,midge,2,5,2.76,0.6250000000000001,1.15,0.33350703491401773,0.9352093104047247,0.4009632413574649,-0.25821443422452994,-0.031372467416410504,6.61943585842514,5.56195688606219,1.2687163453187424,4.480433534014685
162,tryst,0,4,2.56,0.6250000000000002,0.8250000000000002,0.26350529789821087,1.0243182212958137,0.3369318234861931,-0.24113252749192535,-0.024787517224320228,7.13421039737921,7.028716012965836,1.2878235191940246,6.238751442113382
163,aphid,2,5,2.39,0.47500000000000003,1.3499999999999994,0.20201493833593887,0.9947889525794684,0.26869204927380547,-0.24536838223641858,-0.01900321854441959,5.183356731958724,4.962003088488889,1.1968038909154073,4.961020347475983
164,trite,2,4,2.8,1.3499999999999996,1.0000000000000004,0.4151467778356783,0.9911412193850964,0.48947763952849943,-0.34177828460580295,-0.039052186002719265,2.946867971179229,1.7611178000615073,1.4062879972207747,5.711053920854668
165,angry,1,5,4.66,0.5250000000000001,1.0500000000000003,0.2741010943199583,0.9605697411846448,0.3443486814369145,-0.23823900090476868,-0.02578424665786243,5.831943495018322,5.8521742759045,1.2346708355046032,5.533419010751413
166,flock,1,5,3.69,0.125,0.24999999999999997,0.2631578947368421,0.713392391870766,0.3397808917982873,-0.1266982550967886,-0.024754837570761468,6.062710954208268,5.525927145069786,0.9765502866076081,4.54020543902112
167,wacky,1,5,3.29,0.1,0.9500000000000004,0.39082855653986454,0.5296161195066875,0.4456035085896965,-0.15825830057818155,-0.03676461025360602,6.324001738777356,5.392984835232675,0.9204446760465521,4.61294837774533
168,roomy,2,4,2.67,0.125,0.5500000000000002,0.43703317700191074,0.5277054021191593,0.49257294205897423,-0.14270486805420726,-0.041111004176921186,7.241248991663577,6.125569241429392,0.9647385791210701,4.73243410267864
169,wedge,2,4,3.62,0.6750000000000002,0.55,0.31908980371721385,0.614382490880667,0.3861858424281248,-0.19888436052957723,-0.030016261793721938,7.244368659209599,5.137558228333204,0.9334722945978808,4.779606590266448
170,liver,2,5,4.18,0.275,1.7999999999999998,0.4679520583637311,0.9937467430953622,0.5032794922983093,-0.2733964501618564,-0.044019493343650885,3.5459871147606052,2.4422401050432447,1.4616988014590933,5.2384360644662875
171,bland,1,5,3.5,0.5750000000000001,0.9500000000000003,0.3845752996352267,0.851311446934167,0.46126754694561983,-0.23999077358154197,-0.03617637648954832,6.061494931645493,6.697557456733853,1.2358867465693937,5.8219802183182745
172,night,1,5,5.61,0.125,0.9750000000000003,0.2367552544728157,0.7976376585026924,0.29727555823330837,-0.1713960788678711,-0.022271183900295657,2.9355909931391717,2.752180595879987,1.034392912975508,4.923525628392423
173,madam,2,3,3.59,0.3,1.0250000000000001,0.31648428000694806,0.44293903074517976,0.37195243370660125,-0.1687570043177931,-0.02977116439203123,6.861512315970061,5.262080209198925,0.7594233107521278,4.808575016756445
174,berth,1,5,3.44,0.25,1.6500000000000001,0.3831856869897516,1.0121591106479069,0.45503917288679663,-0.2588671547315289,-0.03604565787531328,5.077339726086706,4.924616947314009,1.3953447976376585,5.660322229347602
175,stead,2,5,3.19,0.5250000000000001,2.6000000000000005,0.34966128191766543,1.588153552197325,0.4185038267199569,-0.3909570358221075,-0.032892071306892874,3.983907530733639,3.322483239928037,1.9378148341149903,7.104520443686921
176,voice,3,5,5.07,0.8750000000000002,0.7250000000000002,0.40663540038214346,0.9478895257946848,0.4595970358094175,-0.26796463547949606,-0.03825153449052963,5.255451796570644,5.013818656494395,1.3545249261768282,4.49053805420643
177,agape,3,4,2.65,1.3249999999999997,0.5750000000000001,0.29807191245440334,0.9162758381101268,0.3582419945201057,-0.2946564011025952,-0.028039142753416915,5.684823454413397,4.583424605281609,1.2143477505645301,6.101075885645765
178,fluff,1,3,3.2,0.125,0.3500000000000001,0.1971512940767761,0.3649470210178913,0.2644727525777625,-0.09333431782111473,-0.018545703394596942,9.77105162347013,5.583815000497464,0.5620983150946673,4.456394224258959
179,field,2,5,5.24,0.125,1.7499999999999996,0.37936425221469516,0.9979155810317873,0.45439229299594575,-0.24977413658050446,-0.03568618168616691,5.278560666795963,5.2496212253993395,1.3772798332464826,5.241276948300353
180,sever,2,4,3.15,0.55,1.35,0.5443807538648602,0.8921313183949974,0.5717459755507976,-0.27511410084516497,-0.05120901712657823,4.454332027473481,2.887357905768081,1.4365120722598577,6.402224941647253
181,lilac,2,4,3.11,0.15,1.575,0.2985930171964565,0.8287302414451971,0.36465779905592555,-0.21806263127272144,-0.028088162233755057,6.545930129542359,5.364062521303961,1.1273232586416535,5.317840782910968
182,egret,2,4,2.32,0.32500000000000007,1.5499999999999998,0.38492270279659546,0.8627757512593365,0.41440574311789374,-0.2436208083786278,-0.036209056143107085,6.126572856965556,4.640477656831806,1.247698454055932,5.523779157694181
183,pinto,2,5,3.12,0.27499999999999997,0.8750000000000004,0.3588674656939378,0.9147125238839674,0.43030054250366767,-0.20595291865613255,-0.03375808212620003,6.720163728574424,6.7371613208216745,1.2735799895779052,4.9202338260811675
184,hutch,1,4,3.04,0.125,0.7500000000000002,0.25273579989577905,0.5205836373110996,0.32912057175102244,-0.13681927490040643,-0.02377444796399865,4.419321843372273,2.7557984928639145,0.7733194372068786,4.508488129113579
185,gawky,1,5,1.91,0.125,0.8750000000000003,0.38474900121591105,0.48619072433559146,0.4364635703130691,-0.15181764006687049,-0.0361927163163277,5.705643439661176,2.926714558284645,0.8709397255515026,4.61294837774533
186,droll,1,4,2.58,0.35000000000000003,0.7500000000000001,0.3157894736842105,0.8292513461872503,0.39452812217988154,-0.19553317297783201,-0.029705805084913706,5.4260060058259345,4.0271620175345,1.1450408198714608,5.984364163500882
187,retro,2,4,3.73,0.375,1.5999999999999996,0.2897342365815529,1.172659371200278,0.36263776900225797,-0.2745034131410421,-0.02725483106800666,5.096413506955533,4.842500262843395,1.462393607781831,5.781443248746065
188,rusty,1,5,3.61,0.35000000000000003,1.4000000000000001,0.3755428174396387,1.1014417231196805,0.4475148234414771,-0.26262138889690995,-0.03532670549702054,5.571872472710887,6.736503553791396,1.4769845405593192,6.273870780695867
189,beady,2,5,2.48,0.5,1.6750000000000003,0.4481500781657113,0.9656070870244919,0.5118549363574592,-0.28881831862606544,-0.042156753090801524,6.943447118275931,6.073410976237191,1.4137571651902032,5.827187654800557
190,smite,2,5,2.93,1.275,1.1250000000000004,0.40871981935035606,1.339065485495918,0.4679984209097777,-0.3700061466015248,-0.03844761241188219,5.036443008379135,4.703104914135232,1.7477853048462741,6.444523130296207
191,brink,1,5,3.51,0.6500000000000001,0.42500000000000004,0.3357651554629147,0.7234670835504603,0.4110937527260729,-0.2014173227178179,-0.03158488516454245,6.711056965107478,6.321640137160448,1.059232239013375,4.742461369369412
192,awful,2,5,4.46,0.37500000000000006,1.075,0.14243529616119507,0.9152336286260205,0.20762821913835874,-0.20548190500210747,-0.01339865795909214,4.963385540421855,4.328744799048201,1.0576689247872155,5.306887334148555
193,gloat,2,5,2.62,0.32500000000000007,1.425,0.31648428000694806,1.0927566440854612,0.39751617432916,-0.25547469030018255,-0.02977116439203123,4.269594177137351,3.856889082178406,1.4092409240924093,5.867098111331134
194,input,2,5,4.35,0.15,1.1749999999999996,0.1606739621330554,0.9694285217995484,0.22837389715677767,-0.19397021848009663,-0.015114339770927075,6.3457534570453875,6.692602935514855,1.1301024839326037,4.877618956185331
195,loser,2,5,4.01,0.30000000000000004,1.9000000000000004,0.5313531353135313,1.4580510682647212,0.560165025114421,-0.32944499806171834,-0.0499835301181247,4.1060812795720985,4.424417464397557,1.9894042035782524,7.130035008122215
196,cacao,3,3,2.86,0.32500000000000007,0.8500000000000003,0.35487232933819696,0.5530658328990794,0.4137713809288416,-0.17563506596381323,-0.033382266110274283,6.513996868363807,4.042891700597575,0.9079381622372764,4.803667488600207
197,blown,1,5,4.21,0.15,0.22499999999999998,0.26906374848011116,0.7741879451103005,0.34060661847751594,-0.13352341181541832,-0.0253103916812604,5.366757284369253,5.049144029435304,1.0432516935904117,4.81068336419151
198,apron,2,5,3.36,0.4000000000000001,1.2750000000000001,0.23432343234323433,1.2270279659544903,0.3091082585980293,-0.25805468764514844,-0.022042426325384334,6.015772280612456,6.555606242583918,1.4613513982977246,5.640602083158416
199,primo,2,5,2.99,0.6750000000000002,0.5000000000000001,0.29459788084071564,0.9586590237971165,0.36908227039661745,-0.2253023291412258,-0.02771234621782931,5.992185434223975,5.377997994430599,1.2532569046378321,4.675184561355508
200,atone,3,5,2.86,1.0999999999999999,1.425,0.3270800764286955,1.4346013548723293,0.39951379402832415,-0.3699322755336939,-0.030767893825573434,4.028878997980325,5.351299802449194,1.761681431301025,7.105670459723016
201,donor,2,4,3.92,0.05,0.9500000000000003,0.3986451276706618,0.6941115164147994,0.4632026336066422,-0.16949183300312184,-0.03749990245867813,6.2161241261987,6.0407276146832425,1.0927566440854612,4.838137051011429
202,float,2,5,3.94,0.30000000000000004,1.425,0.32325864165363905,1.065485495918013,0.4044934618157075,-0.2510372949138542,-0.030408417636427064,4.280943757417001,4.967046662843897,1.3887441375716518,5.867098111331134
203,goose,3,4,3.84,0.8000000000000003,0.7500000000000002,0.43877019280875457,1.0613166579815876,0.49805881195701585,-0.27546229762149443,-0.04127440244471499,5.278757889458274,3.4936420740511123,1.5000868507903422,5.689770362486702
204,piety,2,5,3.09,0.275,1.575,0.4460656591974987,0.9482369289560535,0.5142298947177734,-0.2575512111625801,-0.04196067516944896,6.754621079226005,6.650130332833787,1.3943025881535522,5.1640728839380765
205,girth,1,5,2.92,0.225,1.2999999999999994,0.3588674656939378,0.7840889352093104,0.4307541869570146,-0.21313983717969356,-0.03375808212620003,4.423559331324299,4.01352755280693,1.1429564009032482,5.668371348972015
206,trait,2,4,3.69,0.9500000000000003,1.4749999999999996,0.3614729894042036,0.9299982629841932,0.43839907150522855,-0.31513839929720494,-0.03400317952789074,4.921384107138311,4.511636475241879,1.2914712523883969,6.5407886210168895
207,flood,2,4,4.34,0.125,0.4750000000000001,0.3222164321695327,0.5885009553586937,0.4024389048332815,-0.13469948351005812,-0.03031037867575078,7.097670807829383,6.360184024983377,0.9107173875282264,4.709086161912341
208,gloom,2,4,3.31,0.19999999999999998,0.175,0.25395171096056973,0.6185513288170922,0.32756376952096755,-0.12069479028703126,-0.02388882675145431,7.220052363851554,5.554906894702682,0.8725030397776619,4.54020543902112
209,depth,1,5,4.55,0.275,1.4249999999999996,0.3090151120375195,1.001389612645475,0.3805030148190789,-0.240122239635287,-0.029068551840517876,6.1487919796301105,6.4397893039000405,1.3104047246829946,5.138248828834273
210,froth,1,5,2.75,0.4750000000000001,0.6500000000000002,0.3295118985582769,0.8490533263852701,0.407175033384198,-0.20635136755371702,-0.030996651400484757,5.130368845844242,4.626698249886061,1.178565224943547,5.491853096329674
211,peach,2,5,3.77,0.5,1.5000000000000002,0.35660934514504083,1.0486364425916277,0.4254196824519491,-0.27747734175346095,-0.033545664378068094,5.39501846134421,7.174618833001404,1.4052457877366686,5.7649968953820965
212,showy,1,5,2.79,0.275,0.4000000000000001,0.3845752996352267,0.8579121070001737,0.4428095217322652,-0.17495846587189015,-0.03617637648954832,6.474114734113899,5.171076462482416,1.2424874066354004,4.728885581188754
213,creak,2,5,2.52,0.5,1.9500000000000004,0.30832030571478203,1.2249435469862775,0.3856532136395228,-0.31502989798479625,-0.029003192533400356,4.461369474870634,3.805062577944881,1.5332638527010596,5.809745940480237
214,manor,2,5,3.81,0.1,1.6249999999999998,0.3996873371547681,1.0422094841063054,0.4632163818953921,-0.2448281197155053,-0.037597941419354415,4.756946867326252,4.663705436506101,1.4418968212610737,5.545852764337812
215,atoll,2,4,2.85,0.55,1.175,0.2551676220253604,1.036129928782352,0.3305302787552276,-0.25347496301576045,-0.024003205538909972,5.400566302480499,5.507851655407303,1.2912975508077125,6.250787167582826
216,bayou,3,5,3.14,0.30000000000000004,1.0999999999999999,0.2961611950668751,0.9115858954316485,0.33824850493561376,-0.21183316682751738,-0.02785940465884373,5.0429775606444585,4.208778421021144,1.2077470904985237,4.735546234944391
217,crept,1,5,3.15,0.5250000000000001,1.3999999999999995,0.32117422268542645,1.141914191419142,0.40023784114797356,-0.28028857361012316,-0.0302123397150745,6.019869890035682,5.943937892254721,1.4630884141045684,5.373198707822506
218,tiara,3,4,2.98,0.6500000000000001,1.7749999999999997,0.37206878582595104,0.9194024665624457,0.4413254372636929,-0.29932740309019507,-0.03499990896143294,5.464757639525718,6.373795015490741,1.2914712523883969,6.700155734562679
219,asset,2,4,4.23,0.7250000000000002,2.1,0.37727983324648257,1.35539343408025,0.4133911649681152,-0.3624166143150429,-0.03549010376481435,4.858279177995661,4.949273971376185,1.7326732673267327,7.89218053860546
220,vouch,2,5,3.13,0.05,0.5,0.3013722424874066,0.584505819002953,0.35905760268671716,-0.12326654189626009,-0.02834959946222514,5.343845722873199,3.2021330989485763,0.8858780614903596,3.9097753595290845
221,album,2,5,5.02,0.5250000000000001,0.9750000000000004,0.17630710439465,0.9668229980892826,0.24493771179001503,-0.22437256096945205,-0.016584924181071305,5.368522761702261,5.180592655004781,1.1431301024839327,5.308872694609887
222,hinge,2,5,3.32,0.6000000000000001,0.9500000000000004,0.3635574083724162,0.918186555497655,0.4320819796339001,-0.24573085048157325,-0.034199257449243306,5.431551384670413,5.226421181170244,1.2817439638700712,4.602358248018277
223,money,2,5,5.64,0.25,0.9000000000000005,0.6100399513635574,0.7688031961090845,0.633018672732107,-0.21222556738958162,-0.05738547164918399,5.056174014765035,5.185922285383314,1.378843147472642,4.365085414896804
224,scrap,1,5,3.9,0.325,1.7249999999999999,0.29720340455098143,1.3025881535521973,0.35715603326939543,-0.28741287381244973,-0.027957443619520017,4.686769656475244,5.064742933542206,1.5997915581031787,6.456210850246524
225,gamer,2,5,3.62,0.35000000000000003,2.0999999999999996,0.5292687163453187,0.9973944762897342,0.5564543734557065,-0.30437545340507444,-0.049787452196772136,3.8390098368034167,2.877485362090156,1.526663192635053,5.456944486184474
226,glass,1,4,4.85,0.7750000000000002,0.9000000000000001,0.5671356609345145,0.7609866249782873,0.568651190685997,-0.2614858248756416,-0.053349534434677055,4.9156156191432565,4.043645639062424,1.328122285912802,6.048710863707603
227,scour,2,5,2.97,0.275,1.225,0.3204794163626889,1.2273753691158589,0.38309488091488375,-0.24931650905282973,-0.030146980407956978,5.62096581670654,6.457942753895599,1.5478547854785478,5.812090642834283
228,being,2,5,5.95,0.45000000000000007,1.05,0.3569567483064096,0.9075907590759076,0.42204742369445686,-0.23331672329474382,-0.03357834403162685,5.879360282740531,5.340361472553293,1.2645475073823171,4.6886928398129
229,delve,2,4,3.14,0.6500000000000001,0.7250000000000001,0.3500086850790342,0.7085287476116032,0.41371051973548206,-0.21748734351081037,-0.03292475096045164,6.011377464506947,4.403457979781934,1.0585374326906374,5.612130986765454
230,yield,2,5,4.16,0.125,1.7499999999999996,0.33229112384922704,1.1014417231196805,0.3976995740233114,-0.2533182001961824,-0.03125808862895484,4.560235010575137,3.3931408428573313,1.4337328469689075,5.241276948300353
231,metal,2,5,4.82,0.15,2.4000000000000004,0.3090151120375195,1.318742400555845,0.38383859103892654,-0.3113322642160383,-0.029068551840517876,4.907579795703025,5.660236243583642,1.6277575125933645,6.7123672527987
232,tipsy,1,5,2.87,0.27499999999999997,1.1749999999999998,0.37172138266458227,1.026750043425395,0.43831319743525815,-0.23401467771946863,-0.03496722930787418,6.352050489418987,7.099201837384564,1.3984714260899773,5.464670271792109
233,slung,1,5,2.85,0.4250000000000001,0.6500000000000001,0.32030571478200454,1.0123328122285913,0.3858617938958742,-0.2135052189451131,-0.0301306405811776,6.751912592115968,5.419005186324361,1.3326385270105958,5.453280031481569
234,farce,2,5,3.33,0.625,1.825,0.43911759597012334,1.0880667014069827,0.49697684913529006,-0.3203691081215767,-0.04130708209827375,4.145969575115279,4.154872509353747,1.5271842973771061,6.161379892309304
235,gecko,2,5,2.91,0.175,0.9500000000000004,0.2633315963175265,0.9808928261247177,0.33398515587656946,-0.19560863157285993,-0.02477117739754085,6.456313786973766,5.195424117483838,1.2442244224422443,4.429865331168789
236,shine,2,5,4.17,1.1499999999999995,0.8750000000000003,0.4328643390654855,1.2577731457356263,0.5001032990971024,-0.3382059981344169,-0.04071884833421605,4.119080706293672,5.047828210951865,1.6906374848011119,5.924286342905639
237,canny,1,4,2.89,0.22499999999999998,0.9000000000000004,0.49174917491749176,0.460656591974987,0.5485481124884202,-0.1731496047109444,-0.04625804961242599,6.091869090537815,4.049378406877143,0.9524057668924788,4.740227057259691
238,midst,1,5,3.89,0.4000000000000001,1.4,0.30675699148862257,1.1235018238665972,0.3801574247705989,-0.2631208159826272,-0.028856134092385934,6.4888721486392775,6.181402419537415,1.4302588153552198,5.417495456341595
239,badge,2,5,4.02,0.7000000000000002,1.4999999999999998,0.40142435296161194,0.9763765850269237,0.4569214820889381,-0.2957163067300549,-0.03776133968714822,5.183968903245771,4.433470080101508,1.3778009379885356,5.831938054353963
240,homer,2,5,3.89,0.30000000000000004,1.325,0.5190203230849401,0.9558797985061664,0.5466869201449045,-0.24995247965953077,-0.048823402416788696,3.3543435003042874,2.222676070532898,1.4749001215911064,4.3268649675767445
241,train,2,5,4.96,0.8750000000000002,1.625,0.3342018412367553,1.1804759423310751,0.40975075736859073,-0.33528344292006784,-0.03143782672352803,2.87494343241259,4.735012567720264,1.5146777835678304,6.746940401346126
242,hairy,2,5,3.8,0.6250000000000002,1.4,0.46204620462046203,0.8494007295466389,0.5173633452274955,-0.2766494846281294,-0.04346393923315195,4.410194725005214,4.349173379476626,1.311446934167101,5.529169537750056
243,story,1,5,5.45,0.5500000000000002,1.0250000000000001,0.40038214347750567,1.2200799027271148,0.46213032678453253,-0.2749021064380378,-0.037663300726471935,3.676555410367801,3.5674029623217955,1.6204620462046204,6.335271325360011
244,forgo,2,4,2.99,0.1,0.55,0.3526142087893,0.5271842973771061,0.4116676173352294,-0.1317113763945361,-0.033169848362142346,6.641326533240285,4.089203384539597,0.8797985061664062,4.675824952743202
245,larva,2,4,2.99,0.125,1.5250000000000001,0.3326385270105958,0.7377106131665798,0.38526404961576505,-0.20641350137252956,-0.031290768282513606,5.739137949776585,3.5680483488282104,1.0703491401771756,6.258440740126261
246,trash,1,5,4.42,0.9500000000000002,1.5249999999999995,0.32760118117074866,1.3555671356609345,0.40259209623807424,-0.35268934524438433,-0.03081691330591157,3.7166417135901653,5.164458085247103,1.683168316831683,7.102223158104547
247,zesty,1,5,2.41,0.275,1.5749999999999997,0.3550460309188814,1.1471252388396735,0.41139789717124714,-0.26498045851346386,-0.03339860593705367,4.743292614008042,3.041930564463656,1.502171269758555,5.733989329638554
248,shown,1,5,4.9,0.30000000000000004,0.4500000000000001,0.3043251693590412,1.0074691679694285,0.3676371104106183,-0.186314900401798,-0.02862737651747461,5.26191196541095,5.1992085055827575,1.3117943373284697,4.880322704391243
249,heist,2,5,3.39,0.7500000000000001,1.65,0.3529616119506688,1.389786347055758,0.42611396263387097,-0.3437820682362806,-0.03320252801570111,4.202910374403694,5.0760535363393915,1.7427479590064268,6.165571165348978
250,askew,2,5,2.72,0.6000000000000001,1.7750000000000004,0.29216605871113427,1.3564356435643565,0.3109923663988407,-0.3200249496947916,-0.027483588642917983,5.239355050470732,3.6654996972662275,1.6486017022754909,6.669221242982392
251,inert,2,5,3.09,0.3750000000000001,2.0499999999999994,0.22737536911585896,1.4021191592843494,0.30011749473713667,-0.3145238056019026,-0.021388833254209122,4.891920674707885,4.914789883516165,1.6294945284002083,6.05258684580726
252,olive,3,5,4.09,0.9500000000000002,0.7500000000000002,0.28487059232239015,1.1776967170401251,0.34779369597464355,-0.28676958126733537,-0.02679731591818401,4.790022406431125,4.662812730566655,1.4625673093625153,5.293720963588162
253,plant,1,5,4.89,0.6750000000000002,1.0000000000000004,0.36425221469515373,0.9834983498349835,0.4420612553735094,-0.26356810403025543,-0.034264616756360826,4.761971673812064,7.140498693285078,1.3477505645301373,6.437266097685997
254,oxide,3,5,3.66,0.8500000000000002,0.9750000000000003,0.25534132360604483,1.10578426263679,0.3144672368092156,-0.2789835085740481,-0.024019545365689357,5.919740526799161,3.9901911674394266,1.3611255862428349,4.544877509084768
255,cargo,2,5,4.19,0.25,1.4499999999999995,0.37710613166579815,0.980545422963349,0.4343824255618014,-0.2424783304666823,-0.03547376393803497,5.111363004937407,4.429845236859661,1.3576515546291472,5.385018444150514
256,foyer,2,5,3.09,0.25,1.275,0.5082508250825083,0.9301719645648775,0.5301259730556223,-0.23770423814525699,-0.04781033315646712,2.6759746794017363,1.2258338308027188,1.4384227896473858,4.3268649675767445
257,flair,2,5,3.54,0.6250000000000001,1.5249999999999997,0.3418447107868682,1.0472468299461526,0.41961579208981165,-0.29164901843739194,-0.032156779101820764,5.243447888298627,5.820304032089844,1.3890915407330207,6.460618272332906
258,ample,2,5,3.71,0.9250000000000003,1.1750000000000003,0.2598575647038388,1.2584679520583637,0.3283710230552247,-0.31366838102060446,-0.024444380861953243,5.353474986000659,4.598833071016887,1.5183255167622025,6.435819061415346
259,cheek,2,4,3.96,0.3750000000000001,0.6500000000000001,0.4306062185165885,0.5044293903074518,0.47296948165309954,-0.17124375046730786,-0.04050643058608411,7.014951339239947,6.181895166988136,0.9350356088240404,4.3592445363077434
260,shame,2,5,4.55,1.1999999999999995,1.2750000000000004,0.41393086677088764,1.3312489143651207,0.4772066513501464,-0.3707398809236272,-0.0389378072152636,2.8079603489365192,2.5575735771350367,1.7451797811360084,7.169173402029174
261,mince,2,5,3.02,0.55,1.0500000000000003,0.37971165537606394,0.956574604828904,0.44978130588777243,-0.2513280073572589,-0.035718861339725676,5.125099648884002,4.871626947534043,1.3362862602049679,4.602358248018277
262,chunk,1,5,3.64,0.15,0.3500000000000001,0.2697585548028487,0.5549765502866076,0.3479328947465349,-0.12166420358914046,-0.025375750988377924,7.136588264351105,7.627581666951906,0.8247351050894564,4.047605350212212
263,royal,2,5,4.85,0.175,1.6000000000000003,0.310578426263679,1.1910717387528227,0.36676793327340335,-0.25504792900248296,-0.029215610281532297,5.16289969052322,4.9433263200595805,1.5016501650165017,6.131791180026093
264,squad,2,5,4.67,0.35000000000000003,1.7249999999999996,0.31561577210352615,1.02258120548897,0.3747831412384936,-0.2666731705820921,-0.029689465258134328,5.02747663078665,4.127311959875113,1.3381969775924962,5.669221242982391
265,black,1,5,5.46,0.5250000000000001,0.7000000000000002,0.3039777661976724,0.7745353482716693,0.37690086344333307,-0.2047902643884523,-0.028594696863915848,4.897185304510456,5.647501707122383,1.0785131144693416,5.555641749111247
266,stair,2,5,3.26,0.9000000000000002,2.025,0.3710265763418447,1.4472815702622894,0.43579486064813194,-0.3875386892919745,-0.03490187000075666,3.8976462152789475,5.76194595595177,1.8183081466041342,7.720272450884046
267,scare,2,5,4.07,1.3499999999999996,1.5999999999999999,0.40229286086503385,1.55428174396387,0.4609181080691923,-0.4239045672973224,-0.037843038821045116,2.9353645606570726,2.831414728228381,1.9565746048289039,7.914176315260798
268,foray,2,5,3.04,0.1,1.4999999999999998,0.4703838804933125,0.8532221643216953,0.5282293290943394,-0.22728698864872807,-0.04424825091856221,5.498644502354704,3.93031047529692,1.3236060448150078,5.41642481062204
269,comma,2,4,3.27,0.1,1.125,0.334549244398124,0.7198193503560882,0.3942329167040983,-0.18015906091392112,-0.03147050637708679,6.300675688509742,4.595690212101905,1.0543685947542123,4.767269930421215
270,natal,2,4,3.41,0.175,1.5,0.32464825429911415,0.8572173006774362,0.3831887679144485,-0.2209248576049039,-0.030539136250662107,5.818562703958994,4.239358078522864,1.1818655549765502,6.212497168314188
271,shawl,1,5,3.17,0.6750000000000002,1.0250000000000001,0.3251693590411673,1.1141219385096404,0.3854491331159203,-0.27099110575212443,-0.03058815573100025,5.071669968684327,3.817213149917077,1.4392912975508076,6.087947412877549
272,fewer,2,4,4.31,0.30000000000000004,1.1,0.46986277575125934,0.5697411846447803,0.504646543018954,-0.19800824244044837,-0.04419923143822407,5.191309409116461,3.1101911620881966,1.0396039603960396,4.5472192302117325
273,trope,2,5,3.1,0.8750000000000002,1.1,0.36598923050199755,1.2622893868334202,0.4402832507669693,-0.3157595600456935,-0.03442801502415463,3.776689716299965,4.798395232181066,1.6282786173354178,5.799009121488964
274,snout,2,5,3.08,0.3750000000000001,1.0750000000000002,0.3282959874934862,1.218863991662324,0.39548188745692875,-0.2520068314984366,-0.030882272613029095,3.7937500421559474,2.92335556132737,1.5471599791558104,5.449624860940377
275,lowly,1,4,3.27,0.07500000000000001,0.22499999999999998,0.4012506513809276,0.44849748132708006,0.4544255265485381,-0.10771359654254688,-0.03774499986036884,5.25118282032618,3.171647861211937,0.8497481327080076,4.637895923280962
276,stove,2,5,3.71,0.9250000000000003,1.0500000000000003,0.3449713392391871,1.3677262463088413,0.40065206954431765,-0.32374233555746157,-0.03245089598384961,3.629148320977998,2.530151794193511,1.7126975855480284,6.473179588919274
277,shall,1,4,5.03,0.7000000000000002,1.0000000000000002,0.3764113253430606,0.975160673962133,0.44423335483359283,-0.2657304385732092,-0.03540840463091745,4.567239662053515,3.4133172413800565,1.3515719993051936,6.184280294419382
278,found,2,5,5.68,0.1,0.7000000000000001,0.4097620288344624,0.6378322042730589,0.4745784027527711,-0.15667449614816106,-0.03854565137255847,2.537495252253132,1.7263968146895519,1.0475942331075212,4.205545152201795
279,nymph,0,5,2.87,0.0,0.175,0.1354872329338197,0.6953274274795901,0.20117850636600823,-0.09318206580902787,-0.012745064887916928,8.260231172514512,7.439719176358121,0.8308146604134098,4.082417937621095
280,epoxy,2,5,3.1,0.025,1.0000000000000004,0.2424874066354004,0.9567483064095883,0.29319702349946153,-0.17597781154597703,-0.02281039818401521,5.901647152839337,4.18709569214178,1.1992357130449887,4.322345819371529
281,depot,2,5,3.95,0.2,1.575,0.306062185165885,1.1955879798506166,0.37974268556652524,-0.25804154702932613,-0.02879077478526841,5.3748916258780035,5.448708315539502,1.5016501650165015,5.230573946693317
282,chest,1,5,4.52,0.45000000000000007,1.5250000000000001,0.2996352266805628,1.334028139656071,0.38063587509524793,-0.2946686148507799,-0.02818620119443134,4.598972968765354,5.926410461946567,1.6336633663366338,5.844842816926507
283,purge,2,5,3.57,0.6000000000000001,1.1250000000000002,0.37623762376237624,0.951189855827688,0.4484801473825098,-0.26038130659077885,-0.03539206480413807,5.307922665226887,4.808623328284713,1.3274274795900642,4.815850110866277
284,slosh,1,4,2.1,0.5750000000000002,0.275,0.350356088240403,0.9260031266284523,0.4207898917359509,-0.2040056801966855,-0.0329574306140104,5.671812052291403,4.654161820486422,1.2763592148688554,5.747389070309745
285,their,2,5,6.33,0.22499999999999998,2.175,0.30033003300330036,1.247351050894563,0.3819865298446324,-0.29992473176092727,-0.028251560501548863,4.472383372627851,5.919284869327934,1.5476810838978634,5.610497592828294
286,renew,2,4,3.73,0.3750000000000001,1.1000000000000003,0.4505819002952927,0.7147820045162411,0.47894628966353886,-0.21653105107264722,-0.042385510665712854,4.948883898673956,4.147633164646206,1.1653639048115338,4.853752086083396
287,allow,2,4,5.01,0.5000000000000001,0.7750000000000002,0.23171790863296857,0.8719819350356088,0.30214998150330097,-0.20753937794106317,-0.02179732892369363,4.642483381798001,3.9820086863170374,1.1036998436685774,5.418566897193582
288,saute,3,5,2.46,1.0750000000000002,2.05,0.5226680562793121,1.399166232412715,0.573545963026886,-0.4175306261033628,-0.04916653877915569,5.008122583085247,5.562525361308615,1.9218342886920272,8.258440740126261
289,movie,3,5,5.16,0.6500000000000001,0.9250000000000004,0.3837067917318048,0.949800243182213,0.44053065245154277,-0.2533963024142573,-0.036094677355651424,4.077646025561344,3.284474629454401,1.333507034914018,4.486787382547879
290,cater,2,5,3.55,0.4,2.5000000000000004,0.5695674830640959,1.1354872329338197,0.5972427441768569,-0.34922928221585614,-0.05357829200958838,2.3286746649569166,1.6746970196121016,1.7050547159979157,6.330557731768533
291,tease,3,4,3.59,1.2750000000000001,1.5499999999999998,0.43303804064616985,1.2996352266805629,0.5002083255864885,-0.3940340621089259,-0.04073518816099543,4.078340836104635,5.199291087568792,1.7326732673267327,7.942664872220494
292,smelt,1,5,2.99,0.45,1.6250000000000002,0.33298593017196454,1.4137571651902032,0.39919754501252286,-0.3094627814237498,-0.03132344793607236,5.034190396641715,4.250938074575501,1.7467430953621679,6.2155977391205255
293,focus,2,5,5.0,0.05,0.9500000000000003,0.5785999652596838,0.7349313878756296,0.563309622951875,-0.18338356312864185,-0.05442796300211615,5.268048555902103,4.8745463230011215,1.3135313531353134,4.007420055053549
294,today,2,5,5.55,0.22499999999999998,1.625,0.42886920270974466,0.9459788084071565,0.48583134429062846,-0.25192451233155244,-0.040343032318290305,5.085394752497148,5.419568951922047,1.3748480111169012,5.674331148115072
295,watch,1,5,5.34,0.1,1.4499999999999997,0.319610908459267,0.7601181170748654,0.3802939412722236,-0.20094619524226773,-0.030065281274060076,2.185492246063572,1.2490908614246323,1.0797290255341325,5.258440740126262
296,lapse,2,5,3.49,0.8500000000000002,1.7,0.38596491228070173,1.5127670661803023,0.44333231268733453,-0.3702461771707084,-0.03630709510378336,5.0414593689880185,5.487618732967756,1.898731978461004,8.395177076918
297,month,1,5,5.25,0.2,0.55,0.3922181691853396,0.7267674135834636,0.45481471226983405,-0.16486503600975727,-0.03689532886784106,5.530673520052333,5.52442857248767,1.1189855827688033,4.816320733946911
298,sweet,2,4,4.91,0.6500000000000001,1.2000000000000002,0.484627410109432,0.9279138440159805,0.5159186246514491,-0.27483582118879707,-0.0455881167144714,4.572744656913811,3.776925663667091,1.4125412541254125,5.8877224216268775
299,hoard,2,5,3.23,0.6500000000000001,1.2999999999999996,0.43355914538822304,0.9852353656418273,0.4933298934817115,-0.2834124890140489,-0.04078420764133358,4.856033155503123,5.41259073610935,1.4187945110300504,5.700155734562679
300,cloth,1,5,4.03,0.375,0.5,0.33402813965607087,0.8582595101615424,0.4118847088053172,-0.18831891397409375,-0.031421486896748646,5.132462346896439,5.86520911152009,1.1922876498176134,5.1019362544462705
301,brine,2,5,3.07,1.1749999999999998,0.8000000000000004,0.41427826993225636,1.0640958832725378,0.4887518104307269,-0.3180011940519301,-0.03897048686882236,3.6542372555931792,3.568791118342211,1.4783741532047943,4.876391652801328
302,ahead,3,4,5.01,0.525,1.7,0.30119854090672227,0.9758554802848706,0.3827332008691512,-0.2806889004355498,-0.02833325963544576,5.109156221525269,4.557140707582534,1.2770540211915928,5.721594205480291
303,mourn,2,5,3.43,0.225,0.8250000000000003,0.3534827166927219,0.8697238144867119,0.41766352076449637,-0.19236771331492603,-0.033251547496039244,4.702494469259079,5.049115769108847,1.2232065311794338,4.794365747538863
304,nasty,1,5,4.22,0.3,1.6999999999999995,0.4182734062879972,1.1688379364252215,0.4704839430436026,-0.2828027099339817,-0.03934630288474811,3.9646241009858882,3.844793972369742,1.5871113427132186,6.368014745935476
305,rupee,3,4,3.04,0.9000000000000002,0.8000000000000003,0.48532221643216955,0.7241618898731979,0.5228735893160945,-0.26124075504068894,-0.04565347602158892,5.91571725765466,4.7844306199872335,1.2094841063053674,4.751658399144087
306,choke,2,5,3.72,0.6250000000000001,0.5250000000000001,0.35313531353135313,0.914538822303283,0.42850114521925525,-0.2234343108181043,-0.03321886784248049,5.243447888298627,5.820304032089844,1.2676741358346362,4.472994069078359
307,chant,1,5,3.6,0.6500000000000001,0.9750000000000004,0.3581726593712003,0.8570435990967518,0.43515622953342864,-0.24734826737473267,-0.03369272281908252,4.762563404026959,5.487531990418643,1.215216258467952,5.844842816926507
308,spill,1,4,3.84,0.6000000000000001,0.5750000000000001,0.33350703491401773,0.9112384922702796,0.3991282428112897,-0.2203062837424268,-0.031372467416410504,4.761434085492287,4.603294753190396,1.2447455271842973,5.558788304428111
309,vivid,2,3,3.75,0.125,0.6750000000000002,0.2810491575473337,0.25586242834809797,0.34683516663360514,-0.11048656849371477,-0.026437839729037644,5.6260689574704354,3.7392750763338585,0.5369115858954316,4.038791607391423
310,bloke,2,5,3.55,0.6500000000000001,0.5500000000000002,0.36720514156678824,0.9913149209657808,0.4429092586630824,-0.23594335172440203,-0.03454239381161029,4.3074595231445745,3.835570209283626,1.358520062532569,5.258440740126262
311,trove,2,5,3.04,0.8750000000000002,1.1,0.3425395171096057,1.1750911933298593,0.41009214974080005,-0.30482221709603824,-0.03222213840893828,3.356323427426308,2.365708523381365,1.517630710439465,5.799009121488964
312,thorn,1,5,3.48,0.25,0.9500000000000004,0.28556539864512764,1.0187597707139135,0.3650318320939174,-0.21026422707373257,-0.02686267522530153,4.850128379460546,6.476520881295858,1.3043251693590412,5.949875787115592
313,other,2,5,6.16,0.3500000000000001,1.6749999999999996,0.32968560013896125,1.2741010943199582,0.3565898340861158,-0.2846220816455162,-0.031012991227264135,3.7480617461218997,3.753797500923239,1.6037866944589194,5.414642164848597
314,tacit,2,4,2.94,0.3500000000000001,1.6499999999999997,0.37067917318047594,0.7564703838804933,0.43313316732918217,-0.24436117317017406,-0.0348691903471979,4.624402588528271,3.967424317137252,1.127149557060969,5.560758392185967
315,swill,1,4,2.32,0.6000000000000001,0.5750000000000001,0.32794858433211743,0.838631231544207,0.391594298937103,-0.2129953097349157,-0.03084959295947033,5.006597975940906,2.621157263857281,1.1665798158763245,5.558788304428111
316,dodge,2,4,3.93,0.6500000000000001,0.7000000000000002,0.37710613166579815,0.8012853916970645,0.4342519483749727,-0.22651191484960134,-0.03547376393803497,4.186070077810178,3.0092512610056894,1.1783915233628626,4.537875065585274
317,shake,2,5,4.33,1.1999999999999995,1.2250000000000003,0.4234844537085288,1.2787910369984368,0.4879500904082811,-0.364251088700775,-0.03983649768812952,3.0177386637365786,2.122401547424217,1.7022754907069655,7.169173402029174
318,caulk,2,5,2.29,0.22499999999999998,1.2999999999999992,0.38058016327948585,0.7628973423658155,0.441039135669323,-0.21227970500263918,-0.035800560473622574,4.385822649449316,3.6430404853529463,1.1434775056453015,5.330893906776669
319,aroma,3,4,3.23,0.675,0.9750000000000004,0.2782699322563835,0.9404203578252562,0.35452507561981017,-0.24932638128401394,-0.026176402500567558,4.424105756293898,4.240363407696883,1.2186902900816396,5.5682693574389965
320,cynic,1,4,2.81,0.175,0.47500000000000003,0.21660587111342713,0.6044815007816571,0.28054203565782815,-0.12908659854808965,-0.02037576399388754,4.424105756293898,4.240363407696883,0.8210873718950842,4.1040894239035355
321,robin,2,5,4.33,0.225,0.9750000000000002,0.3116206357477853,0.9767239881882925,0.3713722741852327,-0.2058605714443852,-0.029313649242208584,4.984046075254368,5.169464827804807,1.2883446239360778,4.846283830904366
322,ultra,2,5,4.23,0.25,2.15,0.20896300156331424,1.2706270627062706,0.2822083627369322,-0.2931048381398042,-0.019656811615594807,4.697185629740202,4.5210531629276085,1.4795900642695847,7.073811545906314
323,ulcer,2,5,3.03,0.32500000000000007,1.625,0.39048115337849576,1.0960569741184645,0.4280577838065588,-0.2703208531681073,-0.03673193060004726,4.474219925380314,3.5679813455409257,1.4865381274969602,5.154520554128725
324,pause,3,5,4.0,0.8500000000000002,1.825,0.43095362167795725,1.3814486711829077,0.49079180074501766,-0.37040128374871867,-0.04053911023964287,4.144274318351578,4.157312834725629,1.812402292860865,7.309203853808148
325,humor,2,5,4.19,0.125,0.9000000000000005,0.28573910022581206,0.8556539864512767,0.36329647975934415,-0.17907232945012014,-0.02687901505208091,4.840222533462589,4.404702430547935,1.1413930866770887,4.678603271582973
326,frame,2,5,4.58,1.2249999999999996,1.2,0.3755428174396387,1.130623588674657,0.44674553085082147,-0.34795931593947005,-0.03532670549702054,2.9782500031906487,2.5597821211742673,1.5061664061142956,6.270642551465936
327,elder,2,4,4.06,0.4000000000000001,1.4749999999999999,0.3988188292513462,0.936251519888831,0.43943153247588834,-0.2565833909071889,-0.03751624228545751,4.369185269715334,2.8703032878330923,1.3350703491401772,5.351891247496253
328,skill,1,4,4.42,0.6000000000000001,0.5750000000000001,0.31891610213652943,0.863470557582074,0.37778046751800115,-0.2138240802473628,-0.029999921966942553,4.863314712171728,3.8536068363208855,1.1823866597186035,5.558788304428111
329,aloft,2,5,3.08,0.6000000000000002,1.1250000000000002,0.27792252909501475,1.1108216084766371,0.35350354335537004,-0.2650747900563509,-0.026143722847008794,5.378099589541236,4.90916833669469,1.3887441375716518,6.044845267026973
330,pleat,2,5,2.19,0.35000000000000003,2.1500000000000004,0.31995831162063576,1.3272537780093798,0.40222809842247564,-0.32122045631790874,-0.03009796092761884,3.920095484752093,4.179404620783197,1.6472120896300155,6.437990160456974
331,shard,1,5,3.0,0.8250000000000003,1.4999999999999996,0.40663540038214346,1.2063574778530484,0.4752808285877155,-0.3317719358042523,-0.03825153449052963,3.7182274977368053,3.2835140324099927,1.6129928782351919,6.337296160837501
332,moist,2,5,3.69,0.6500000000000001,0.9750000000000002,0.4068091019628279,1.1509466736147298,0.46976467945747546,-0.277361527022298,-0.038267874317309006,3.7670633852449456,4.669068705246848,1.5577557755775577,5.3278711480482315
333,those,2,5,5.9,0.8000000000000002,1.225,0.3444502344971339,1.4544033350703491,0.42068128471424365,-0.3301396012863502,-0.032401876503511465,4.242039545578144,5.237053031516718,1.798853569567483,6.536129752465904
334,light,1,5,5.33,0.15000000000000002,1.0499999999999998,0.2633315963175265,0.8233454924439813,0.3281347910685974,-0.18384023268772623,-0.02477117739754085,2.9722631925901024,2.8427922895464786,1.0866770887615078,5.0950676279071025
335,wrung,1,5,2.36,0.3500000000000001,0.5500000000000002,0.2508250825082508,0.6989751606739621,0.3231918939659344,-0.16508363728662825,-0.023594709869425464,6.429577876514312,5.3819872320939295,0.949800243182213,4.6673096850482585
336,could,2,5,6.06,0.15,0.8250000000000001,0.4273058884835852,0.7425742574257426,0.491452232607284,-0.18036333649997055,-0.04019597387727589,5.1011148661444015,5.437409101051597,1.1698801459093278,4.762500686273343
337,perky,1,5,2.95,0.07500000000000001,1.3249999999999997,0.4219211394823693,0.8558276880319611,0.48974174398438997,-0.2108993669876866,-0.0396894392471151,4.288304825850967,3.332618517797419,1.2777488275143303,4.7516583991440875
338,mount,2,5,4.47,0.19999999999999998,0.8000000000000003,0.3939551849921834,0.7727983324648254,0.459329045192141,-0.18376414219092965,-0.03705872713563486,4.450141197301237,4.827583699499375,1.1667535174570087,4.814909325022121
339,whack,1,5,3.43,0.4250000000000001,0.6750000000000002,0.2530832030571478,0.6548549591801286,0.32558245217976867,-0.17657348681245427,-0.02380712761755741,5.424256062513197,4.986980316838064,0.9079381622372764,5.073248982030639
340,sugar,2,5,4.68,0.4000000000000001,1.9000000000000001,0.3712002779225291,1.2023623414973077,0.43886182365104487,-0.30479779564471526,-0.03491820982753604,4.76183581835228,4.633443418747669,1.5735626194198367,6.541566563899524
341,knoll,1,4,2.9,0.05,0.325,0.22754907069654334,0.7073128365468125,0.29878311207213254,-0.11817885761530879,-0.0214051730809885,5.7102533371908635,3.790427631944855,0.9348619072433559,5.006748503097612
342,crimp,1,5,2.61,0.6750000000000002,0.4500000000000001,0.29372937293729373,0.7943373284696891,0.36459863259192443,-0.2071804258903638,-0.027630647083932407,5.808403346225569,6.026903410855287,1.0880667014069827,4.634157293095453
343,wince,2,5,2.61,0.55,1.0000000000000002,0.367552544728157,0.910022581205489,0.4368058403481473,-0.24295139026854795,-0.034575073465169054,5.236321836794999,4.194601354033546,1.2775751259336459,4.602358248018277
344,prick,1,5,3.6,0.6000000000000001,0.4750000000000001,0.29720340455098143,0.7479590064269585,0.3719632080967266,-0.1971059916848444,-0.027957443619520017,4.597650166018749,4.9709718895152255,1.0451624109779398,4.634157293095453
345,robot,2,4,4.24,0.19999999999999998,0.8750000000000003,0.3350703491401772,0.7288518325516762,0.3959867062484584,-0.1776289475170165,-0.03151952585742493,4.840840039089312,5.213787092372567,1.0639221816918534,5.5326454477082745
346,point,2,5,5.54,0.5000000000000001,0.65,0.4445023449713392,0.829077644606566,0.507555484282594,-0.21748498121703172,-0.04181361672843454,4.266772299390792,5.750442340030657,1.2735799895779052,4.97776867317641
347,proxy,1,5,3.73,0.30000000000000004,0.32500000000000007,0.3467083550460309,0.6616293208268196,0.4050073424482284,-0.15182019925100645,-0.03261429425164341,4.859274483221217,3.019805151818918,1.0083376758728506,4.6395606516247865
348,shire,2,5,3.47,1.2499999999999993,1.2000000000000004,0.4196630189334723,1.3795379537953796,0.4870860888060955,-0.37719567177074753,-0.039477021498983154,4.5694112638470346,5.049751623472392,1.7992009727288518,6.4978800295475985
349,solar,2,5,4.53,0.37500000000000006,1.9,0.4799374674309536,1.394649991314921,0.5364061654688905,-0.329384140397925,-0.04514694139142812,4.575521454177832,5.161623782810222,1.8745874587458746,7.83957137925639
350,panic,2,5,4.26,0.19999999999999998,1.4249999999999994,0.35747785304846275,0.8834462393607782,0.4118993377870436,-0.22462221159616783,-0.03362736351196499,5.43236094013968,6.52268946092861,1.2409240924092408,4.877618956185331
351,tangy,1,5,2.64,0.15,1.3749999999999998,0.44415494180997045,0.7340628799722078,0.49964525367553503,-0.2118722774976552,-0.041780937074875776,3.927910394108192,3.240420937161491,1.1782178217821782,5.525317212254449
352,abbey,2,4,3.88,0.6000000000000001,1.2750000000000004,0.40802501302761857,0.8005905853743269,0.43328507354866147,-0.2538357191925824,-0.03838225310476467,5.082867236687033,3.5354317936697184,1.2086155984019455,5.673478239405105
353,favor ,2,6,4.58,0.1,1.4999999999999998,0.3529616119506688,0.8719819350356088,0.41258288765217715,-0.2171782589535672,-0.03320252801570111,4.185153515354469,2.9963718240256205,1.2249435469862777,5.461354153522484
354,drink,1,5,4.9,0.6750000000000002,0.7000000000000002,0.31474726420010424,0.8254299114121939,0.39075034855083335,-0.22694110959492095,-0.02960776612423743,5.43236094013968,6.52268946092861,1.140177175612298,4.809980239309967
355,query,2,5,3.64,0.3,1.3999999999999995,0.33784957443112734,0.8688553065832899,0.4008357679483289,-0.23151757920642824,-0.031780963085895016,4.819449060391371,3.741679285038062,1.2067048810144172,4.801336424850391
356,gorge,2,4,3.4,0.5750000000000001,0.9750000000000005,0.42313705054716,0.8818829251346187,0.48084656352250194,-0.24617211053410354,-0.03980381803457076,4.6294688996956745,3.179491732097351,1.3050199756817786,4.88994975809605
357,crank,1,5,3.61,0.8250000000000003,0.8000000000000003,0.3526142087893,0.8811881188118812,0.42548637059055655,-0.257377545697143,-0.033169848362142346,4.23233190936903,3.768713770951103,1.2338023276011811,5.581008469269674
358,slump,1,5,3.36,0.3750000000000001,0.6500000000000001,0.29112384922702794,1.0126802153899601,0.357284493433143,-0.20523687716066136,-0.0273855496822417,6.17203776187586,5.790944694675336,1.3038040646169882,5.233085165849367